key,status,file,title,doi,source_url,pdf_url
aberaSustainableBuildingMaterials2024,download_error: HTTP Error 403: Forbidden,,Sustainable Building Materials: {{A}} Comprehensive Study on Eco-Friendly Alternatives for Construction,10.1177/26349833241255957,https://journals.sagepub.com/doi/10.1177/26349833241255957,
almusaedConstruction50Sustainable2024,descargado,almusaedConstruction50Sustainable2024.pdf,Construction 5.0 and {{Sustainable Neuro-Responsive Habitats}}: {{Integrating}} the {{Brain}}–{{Computer Interface}} and {{Building Information Modeling}} in {{Smart Residential Spaces}},10.3390/su16219393,https://www.mdpi.com/2071-1050/16/21/9393,https://mdpi-res.com/d_attachment/sustainability/sustainability-16-09393/article_deploy/sustainability-16-09393.pdf
aloshanSustainableEnvironmentalDesign2024,descargado,aloshanSustainableEnvironmentalDesign2024.pdf,Sustainable Environmental Design: Evaluating the Integration of Sustainable Knowledge in {{Saudi Arabian}} Architectural Programs,10.1007/s43621-024-00382-4,https://link.springer.com/10.1007/s43621-024-00382-4,https://link.springer.com/content/pdf/10.1007/s43621-024-00382-4.pdf
ascioneBuildingRatingSystems2022,download_error: HTTP Error 403: Forbidden,,"Building Rating Systems: A Novel Review about Capabilities, Current Limits and Open Issues",10.1016/j.scs.2021.103498,https://www.sciencedirect.com/science/article/abs/pii/S2210670721007642,
balNextGenerationBuilding2025,descargado,balNextGenerationBuilding2025.pdf,Next Generation Building Materials for Energy Efficiency and Climate Responsive Design,10.1007/s42452-025-07360-z,https://link.springer.com/10.1007/s42452-025-07360-z,https://link.springer.com/content/pdf/10.1007/s42452-025-07360-z.pdf
bettiCBEClimaTool2024,descargado,bettiCBEClimaTool2024.pdf,{{CBE Clima Tool}}: A Free and Open-Source Web Application for Climate Analysis Tailored to Sustainable Building Design,10.1007/s12273-023-1090-5,https://link.springer.com/article/10.1007/s12273-023-1090-5,https://link.springer.com/content/pdf/10.1007/s12273-023-1090-5.pdf
delamagonzaloAssessmentBuildingEnergy2023,descargado,delamagonzaloAssessmentBuildingEnergy2023.pdf,Assessment of {{Building Energy Simulation Tools}} to {{Predict Heating}} and {{Cooling Energy Consumption}} at {{Early Design Stages}},10.3390/su15031920,https://www.mdpi.com/2071-1050/15/3/1920,https://mdpi-res.com/d_attachment/sustainability/sustainability-15-01920/article_deploy/sustainability-15-01920.pdf
doanCriticalComparisonGreen2017,download_error: HTTP Error 403: Forbidden,,A Critical Comparison of Green Building Rating Systems,10.1016/j.buildenv.2017.07.007,https://www.sciencedirect.com/science/article/pii/S0360132317302937,
feickertPolicyDesignLevers2025,download_error: HTTP Error 403: Forbidden,,Policy and Design Levers for Minimizing Embodied Carbon in {{United States}} Buildings: {{A}} Quantitative Comparison of Current and Proposed Strategies,10.1016/j.buildenv.2024.112485,https://linkinghub.elsevier.com/retrieve/pii/S036013232401326X,
firooziEmergingTrendsSustainable2024,download_error: HTTP Error 403: Forbidden,,"Emerging Trends in Sustainable Building Materials: {{Technological}} Innovations, Enhanced Performance, and Future Directions",10.1016/j.rineng.2024.103521,https://linkinghub.elsevier.com/retrieve/pii/S2590123024017729,
guoConstructionMultiSamplePublic2025,descargado,guoConstructionMultiSamplePublic2025.pdf,Construction of {{Multi-Sample Public Building Carbon Emission Database Model Based}} on {{Energy Activity Data}},10.3390/en18143635,https://www.mdpi.com/1996-1073/18/14/3635,https://mdpi-res.com/d_attachment/energies/energies-18-03635/article_deploy/energies-18-03635.pdf
huSustainableDesignRating2017,download_error: HTTP Error 403: Forbidden,,Sustainable Design Rating System Comparison Using a Life-Cycle Methodology,10.1016/j.buildenv.2017.10.010,https://www.sciencedirect.com/science/article/pii/S0360132317304651,
isimbiAnalysisEDGECertification2022,descargado,isimbiAnalysisEDGECertification2022.pdf,The {{Analysis}} of the {{EDGE Certification System}} on {{Residential Complexes}} to {{Improve Sustainability}} and {{Affordability}},10.3390/buildings12101729,https://www.mdpi.com/2075-5309/12/10/1729,https://mdpi-res.com/d_attachment/buildings/buildings-12-01729/article_deploy/buildings-12-01729.pdf
jadhavBIMbasedEnergyConsumption2024,descargado,jadhavBIMbasedEnergyConsumption2024.pdf,"{{BIM-based}} Energy Consumption Analysis for Residential Buildings: Effects of Orientation, Size, and Type of Windows",10.1007/s44290-024-00116-5,https://link.springer.com/10.1007/s44290-024-00116-5,https://link.springer.com/content/pdf/10.1007/s44290-024-00116-5.pdf
karimiImpactBuildingOrientation2024,descargado,karimiImpactBuildingOrientation2024.pdf,Impact of {{Building Orientation}} on {{Energy Performance}} of {{Residential Buildings}} in {{Various Cities Across Afghanistan}},10.3390/su162411076,https://www.mdpi.com/2071-1050/16/24/11076,https://mdpi-res.com/d_attachment/sustainability/sustainability-16-11076/article_deploy/sustainability-16-11076.pdf
kentIndoorEnvironmentalQuality2024,descargado,kentIndoorEnvironmentalQuality2024.pdf,Indoor Environmental Quality in {{WELL}}-Certified and {{LEED}}-Certified Buildings,10.1038/s41598-024-65768-w,https://www.nature.com/articles/s41598-024-65768-w,https://www.nature.com/articles/s41598-024-65768-w.pdf
liuMultidimensionalEvaluationFramework2025,descargado,liuMultidimensionalEvaluationFramework2025.pdf,Multidimensional {{Evaluation Framework}} and {{Classification Strategy}} for {{Low-Carbon Technologies}} in {{Office Buildings}},10.3390/buildings15152689,https://www.mdpi.com/2075-5309/15/15/2689,https://mdpi-res.com/d_attachment/buildings/buildings-15-02689/article_deploy/buildings-15-02689.pdf
liuSimulationAnalysisScheme2019,download_error: HTTP Error 403: Forbidden,,Simulation {{Analysis}} and {{Scheme Optimization}} of {{Energy Consumption}} in {{Public Buildings}},10.1155/2019/6326138,https://onlinelibrary.wiley.com/doi/abs/10.1155/2019/6326138,
maghamiNetZeroEnergy2025,download_error: HTTP Error 403: Forbidden,,Net Zero Energy Buildings: {{An}} Overview of Passive and Active Designs,10.1016/j.egyr.2025.07.028,https://linkinghub.elsevier.com/retrieve/pii/S2352484725004342,
marchiGreenBuildingRating2021,descargado,marchiGreenBuildingRating2021.pdf,Green Building Rating Systems ({{GBRSs}}),10.3390/encyclopedia1040076,https://www.mdpi.com/2673-8392/1/4/76,https://mdpi-res.com/d_attachment/encyclopedia/encyclopedia-01-00076/article_deploy/encyclopedia-01-00076.pdf
martinesAssessingSustainabilityLocal2025,descargado,martinesAssessingSustainabilityLocal2025.pdf,Assessing the {{Sustainability}} of {{Local Construction Materials}} in {{Ecuador Through}} an {{Interdisciplinary Approach}},10.3390/su17051775,https://www.mdpi.com/2071-1050/17/5/1775,https://mdpi-res.com/d_attachment/sustainability/sustainability-17-01775/article_deploy/sustainability-17-01775.pdf
moutikLifeCycleAssessment2023,descargado,moutikLifeCycleAssessment2023.pdf,Life {{Cycle Assessment Research Trends}} and {{Implications}}: {{A Bibliometric Analysis}},10.3390/su151813408,https://www.mdpi.com/2071-1050/15/18/13408,https://mdpi-res.com/d_attachment/sustainability/sustainability-15-13408/article_deploy/sustainability-15-13408.pdf
nikniaSimulationBasedPredictionOffice2025,not_pdf_response,,Simulation-{{Based Prediction}} of {{Office Buildings Energy Performance Under RCP Scenarios Across All U}}.{{S}}. {{Climate Zones}},10.20944/preprints202503.0385.v1,https://www.preprints.org/manuscript/202503.0385/v1,
nogueiraEnergeticAnalysisPassive2024,descargado,nogueiraEnergeticAnalysisPassive2024.pdf,Energetic {{Analysis}} of {{Passive Solar Strategies}} for {{Residential Buildings}} with {{Extreme Summer Conditions}},10.3390/app142210761,https://www.mdpi.com/2076-3417/14/22/10761,https://mdpi-res.com/d_attachment/applsci/applsci-14-10761/article_deploy/applsci-14-10761.pdf
norouziasasImpactSpaceUtilization2024,download_error: HTTP Error 403: Forbidden,,Impact of Space Utilization and Work Time Flexibility on Energy Performance of Office Buildings,10.1016/j.jobe.2024.111032,https://linkinghub.elsevier.com/retrieve/pii/S2352710224026007,
panBuildingEnergySimulation2023,download_error: HTTP Error 403: Forbidden,,"Building Energy Simulation and Its Application for Building Performance Optimization: {{A}} Review of Methods, Tools, and Case Studies",10.1016/j.adapen.2023.100135,https://linkinghub.elsevier.com/retrieve/pii/S2666792423000148,
patraReviewImpactDaylighting2024a,descargado,patraReviewImpactDaylighting2024a.pdf,Review on {{Impact}} of Daylighting Methods on Energy Efficiency in Residence of Different Climate in {{India}},10.1051/e3sconf/202459601034,https://www.e3s-conferences.org/10.1051/e3sconf/202459601034,https://www.e3s-conferences.org/10.1051/e3sconf/202459601034/pdf
ranaEvaluationPassiveDesign2021,sin_pdf_abierto_detectado,,Evaluation of Passive Design Strategies to Achieve {{NZEB}} in the Corporate Facilities: The Context of {{Bangladeshi}} Subtropical Monsoon Climate,10.1108/IJBPA-05-2020-0037,http://www.emerald.com/ijbpa/article/39/4/619-654/111111,
ribeiroLEEDCertificationBuilding,sin_pdf_abierto_detectado,,{{LEED Certification}} in {{Building Energy Efficiency}}: {{A Review}} of {{Its Performance Efficacy}} and {{Global Applicability}},,,
santiGreenSystemsIntegrated2020,descargado,santiGreenSystemsIntegrated2020.pdf,Green {{Systems Integrated}} to the {{Building Envelope}}: {{Strategies}} and {{Technical Solution}} for the {{Italian Case}},10.3390/su12114615,https://www.mdpi.com/2071-1050/12/11/4615,https://mdpi-res.com/d_attachment/sustainability/sustainability-12-04615/article_deploy/sustainability-12-04615.pdf
shanGreenBuildingRating2018,download_error: HTTP Error 403: Forbidden,,Green Building Rating Systems: Global Reviews of Practices and Research Efforts,10.1016/j.scs.2018.02.034,https://www.sciencedirect.com/science/article/pii/S2210670717314567,
suzerComparativeReviewEnvironmental2015,download_error: HTTP Error 403: Forbidden,,A Comparative Review of Environmental Concern Prioritization: {{LEED}} vs Other Major Certification Systems,10.1016/j.jenvman.2015.02.029,https://www.sciencedirect.com/science/article/pii/S0301479715000973,
torres-barriusoSustainableBuildingStandards2025,descargado,torres-barriusoSustainableBuildingStandards2025.pdf,Sustainable {{Building Standards}} in the {{Galapagos Islands}}: {{Definition},10.3390/buildings15010122,https://www.mdpi.com/2075-5309/15/1/122,https://mdpi-res.com/d_attachment/buildings/buildings-15-00122/article_deploy/buildings-15-00122.pdf
tsirovasilisComparativeAssessmentLEED2025,descargado,tsirovasilisComparativeAssessmentLEED2025.pdf,Comparative Assessment of {{LEED},10.3390/en18164322,https://www.mdpi.com/1996-1073/18/16/4322,https://mdpi-res.com/d_attachment/energies/energies-18-04322/article_deploy/energies-18-04322.pdf
vazBuildingInformationModeling2024,descargado,vazBuildingInformationModeling2024.pdf,Building {{Information Modeling}}/{{Building Energy Simulation Integration Based}} on {{Quantitative}} and {{Interpretative Interoperability Analysis}},10.3390/infrastructures9050084,https://www.mdpi.com/2412-3811/9/5/84,https://mdpi-res.com/d_attachment/infrastructures/infrastructures-09-00084/article_deploy/infrastructures-09-00084.pdf
worldcommissiononenvironmentanddevelopmentOurCommonFuture1987,not_pdf_response,,Our {{Common Future}},,https://sustainabledevelopment.un.org/content/documents/5987our-common-future.pdf,
wuRecycledMaterialsConstruction2025,descargado,wuRecycledMaterialsConstruction2025.pdf,Recycled {{Materials}} in {{Construction}}: {{Trends},10.3390/su17062636,https://www.mdpi.com/2071-1050/17/6/2636,https://mdpi-res.com/d_attachment/sustainability/sustainability-17-02636/article_deploy/sustainability-17-02636.pdf
zajemskaReviewCurrentTrends2025,descargado,zajemskaReviewCurrentTrends2025.pdf,Review of {{Current Trends}} in {{Sustainable Construction}},10.3390/en18102559,https://www.mdpi.com/1996-1073/18/10/2559,https://mdpi-res.com/d_attachment/energies/energies-18-02559/article_deploy/energies-18-02559.pdf
zhaoCaseStudyCalculation2025,descargado,zhaoCaseStudyCalculation2025.pdf,A Case Study on the Calculation of Carbon Emissions over the Entire Life Cycle of Commercial Office Buildings Based on Measured Data,10.1186/s42162-025-00527-3,https://energyinformatics.springeropen.com/articles/10.1186/s42162-025-00527-3,https://link.springer.com/content/pdf/10.1186/s42162-025-00527-3.pdf
zoureImplementingNaturalVentilation2023a,download_error: HTTP Error 403: Forbidden,,Implementing Natural Ventilation and Daylighting Strategies for Thermal Comfort and Energy Efficiency in Office Buildings in {{Burkina Faso}},10.1016/j.egyr.2023.02.017,https://linkinghub.elsevier.com/retrieve/pii/S2352484723001580,
