"Date/Time";"Outside Dry-Bulb Temperature";"Outside Dew-Point Temperature";"Direct Normal Solar";"Diffuse Horizontal Solar";"Wind Speed";"Wind Direction";"Atmospheric Pressure";"Solar Altitude";"Solar Azimuth";
;"°C";"°C";"kWh/m2";"kWh/m2";"m/s";"°";"Pa";"°";"°";
"1/1/2002";"24,0375";"21,94167";"6,898";"1,46225";"4,379167";"166,0833";"101103,6";"0,5442826";"180";
"2/1/2002";"24,38229";"22,43333";"4,595";"2,0735";"4,558333";"132,5521";"101101,2";"0,5431577";"180";
"3/1/2002";"24,61667";"22,36042";"5,794";"1,71725";"4,635417";"164,0313";"101106";"0,5419263";"180";
"4/1/2002";"24,50833";"22,43542";"2,189";"2,3575";"3,53125";"176,75";"101105,7";"0,5405879";"180";
"5/1/2002";"24,93021";"22,34062";"6,399";"1,51475";"4,932292";"168,3333";"101084,6";"0,5391423";"180";
"6/1/2002";"24,87604";"22,18333";"5,831";"1,75325";"4,678125";"159,5625";"101106,3";"0,537589";"180";
"7/1/2002";"24,58229";"22,0875";"7,608";"1,346";"3,28125";"164,6563";"101105,8";"0,5359278";"180";
"8/1/2002";"24,82604";"22,01458";"5,325";"2,0345";"2,401042";"168,1667";"101106,4";"0,5341581";"180";
"9/1/2002";"25,35104";"23,31667";"5,155";"1,825";"3,076042";"184,9479";"101108,8";"0,5322796";"180";
"10/1/2002";"25,28125";"23,2875";"7,401";"1,38875";"3,676042";"174,25";"101092,7";"0,5302918";"180";
"11/1/2002";"24,95833";"22,94792";"7,39";"1,3605";"4,472917";"162,0729";"101090,9";"0,5281942";"180";
"12/1/2002";"25,05104";"23,0625";"4,943";"1,82175";"2,75";"156,5";"101090,3";"0,5259864";"180";
"13/1/2002";"25,63854";"22,50833";"5,225";"1,6985";"3,654167";"148,7813";"101106,4";"0,5236678";"180";
"14/1/2002";"25,54896";"22,53854";"2,657";"2,26775";"4,054167";"165,25";"101109,7";"0,5212379";"180";
"15/1/2002";"25,67292";"22,65729";"7,554";"1,313";"3,828125";"190,7708";"101106,7";"0,518696";"180";
"16/1/2002";"24,35833";"22,90937";"7,413";"1,369";"2,194792";"184,4375";"101091,2";"0,5160415";"180";
"17/1/2002";"25,04688";"22,71042";"7,263";"1,406";"2,53125";"158,6042";"101095,9";"0,5132738";"180";
"18/1/2002";"25,49167";"22,74167";"6,904";"1,462";"2,376042";"168,5417";"101101,3";"0,5103924";"180";
"19/1/2002";"25,23333";"22,61042";"3,324";"1,8485";"2,276042";"216,2083";"101098,9";"0,5073963";"180";
"20/1/2002";"25,78542";"23,15625";"6,383";"1,62975";"3,5375";"191,3021";"101114,9";"0,504285";"180";
"21/1/2002";"26,03958";"22,18958";"7,7";"1,30125";"2,321875";"196,2604";"101107,1";"0,5010576";"180";
"22/1/2002";"26,2125";"22,24792";"7,189";"1,30775";"2,05625";"113,9271";"101107,1";"0,4977133";"180";
"23/1/2002";"26,43646";"22,74896";"8,592";"1,0765";"4,208333";"151,9167";"101105";"0,4942513";"180";
"24/1/2002";"27,02708";"23,17708";"8,457";"1,11125";"4,407292";"162,9063";"101104,4";"0,4906707";"180";
"25/1/2002";"26,52708";"22,31667";"8,084";"1,30525";"2,207292";"114,9271";"101104,9";"0,4869707";"180";
"26/1/2002";"26,61458";"22,38854";"8,578";"1,0875";"1,140625";"168,6979";"101111,5";"0,4831501";"180";
"27/1/2002";"27,03437";"22,40104";"8,092";"1,1895";"2,134375";"125,0208";"101100,7";"0,4792081";"180";
"28/1/2002";"27,48854";"22,81979";"7,378";"1,17525";"2,879167";"165,6354";"101108";"0,4751436";"180";
"29/1/2002";"26,87188";"23,59583";"5,659";"1,73475";"2,833333";"230,5417";"101107,8";"0,4709555";"180";
"30/1/2002";"26,95729";"23,98125";"4,271";"2,04425";"2,907292";"239,3646";"101101,3";"0,4666426";"180";
"31/1/2002";"26,36458";"23,53125";"5,852";"1,61475";"3,214583";"219,2083";"101097,8";"0,4622037";"180";
"1/2/2002";"26,56979";"22,56667";"3,773";"2,2315";"7,8375";"183,75";"101053,3";"0,4576376";"180";
"2/2/2002";"26,72083";"23,21667";"5,358";"1,70625";"5,585417";"170,2708";"101131,9";"0,4529429";"180";
"3/2/2002";"26,86875";"23,50208";"4,655";"1,90975";"4,507292";"181,6458";"101065,9";"0,4481182";"180";
"4/2/2002";"26,18958";"22,76667";"4,494";"1,9175";"3,43125";"201,625";"101128,4";"0,4431622";"180";
"5/2/2002";"26,39271";"22,82604";"3,661";"2,1345";"5,217708";"177,8125";"101115,6";"0,4380731";"180";
"6/2/2002";"26,85729";"22,99271";"5,977";"1,8";"4,803125";"158,4688";"101035,6";"0,4328495";"180";
"7/2/2002";"26,48854";"22,71563";"7,197";"1,6325";"6,40625";"153,0625";"101122,9";"0,4274895";"180";
"8/2/2002";"27,02813";"22,65937";"7,17";"1,65375";"7,358333";"157,3958";"101111,2";"0,4219916";"180";
"9/2/2002";"26,6375";"22,07292";"7,726";"1,5065";"6,74375";"150,4375";"101114,4";"0,4163536";"180";
"10/2/2002";"26,85417";"22,50625";"7,824";"1,3605";"4,622917";"162,1042";"101133";"0,4105736";"180";
"11/2/2002";"27,11667";"22,78958";"7,371";"1,44475";"6,972917";"160,6771";"101079,1";"0,4046495";"180";
"12/2/2002";"26,86042";"23,80625";"5,287";"1,7275";"5,448958";"176,7604";"101107,1";"0,3985791";"180";
"13/2/2002";"26,07604";"22,50312";"4,707";"1,70875";"4,777083";"174,3021";"101119,5";"0,3923599";"180";
"14/2/2002";"25,95833";"22,69375";"6,682";"1,50775";"4,91875";"171,8229";"101103,4";"0,3859895";"180";
"15/2/2002";"26,62396";"22,34896";"7,461";"1,459";"4,219792";"150,9271";"101117,5";"0,3794651";"180";
"16/2/2002";"26,67917";"22,42708";"3,49";"2,40975";"4,514583";"156,4688";"101083";"0,3727839";"180";
"17/2/2002";"26,85521";"23,09375";"3,439";"2,12725";"4,966667";"153,3646";"101117,9";"0,3659427";"180";
"18/2/2002";"27,22917";"23,09479";"5,114";"1,7775";"5,703125";"134,1458";"101072,9";"0,3589384";"180";
"19/2/2002";"26,64375";"23,58958";"8,069";"1,2345";"6,172917";"136,5417";"101104,9";"0,3517673";"179,9999";
"20/2/2002";"25,61875";"22,68958";"8,168";"1,21425";"3,50625";"117,9271";"101126,9";"0,3444256";"179,9999";
"21/2/2002";"26,74167";"22,51667";"8,843";"0,99325";"3,361458";"119,7604";"101052,8";"0,3369092";"179,9999";
"22/2/2002";"26,74167";"23,04375";"6,148";"1,72";"3,578125";"135,4792";"101126,5";"0,3292137";"179,9998";
"23/2/2002";"26,03021";"22,47917";"6,659";"1,6085";"4,4";"142,7708";"101155,8";"0,3213341";"179,9998";
"24/2/2002";"26,61458";"22,64063";"7,544";"1,43175";"2,759375";"154,5417";"101108,2";"0,3132652";"179,9996";
"25/2/2002";"26,75";"22,47917";"8,16";"1,2435";"4,759375";"144,625";"101082";"0,3050012";"179,9995";
"26/2/2002";"27,45313";"23,26979";"5,37";"1,965";"5,167708";"167,4792";"101042,9";"0,2965357";"179,9993";
"27/2/2002";"27,48333";"23,90833";"6,838";"1,58125";"4,817708";"165,2917";"101131,8";"0,2878616";"179,999";
"28/2/2002";"26,86875";"23,08958";"6,135";"2,0315";"2,997917";"98,41666";"101102,4";"0,2789713";"179,9986";
"1/3/2002";"27,43333";"23,35625";"8,138";"1,183";"3,522917";"74,04166";"100971,4";"0,269856";"179,998";
"2/3/2002";"27,75";"23,47187";"7,345";"1,27625";"3,533333";"59,11458";"101082,1";"0,2605063";"179,9971";
"3/3/2002";"27,0375";"23,18958";"8,518";"1,0515";"3,246875";"84,63541";"101040,9";"0,2509116";"179,9959";
"4/3/2002";"26,62188";"23,39271";"5,957";"1,54775";"2,234375";"106,5104";"101094";"0,24106";"179,9941";
"5/3/2002";"27,53021";"23,17813";"8,146";"1,13475";"0,8708333";"84,76041";"101119,8";"0,2309384";"179,9916";
"6/3/2002";"27,33542";"22,67917";"7,869";"1,2285";"1,969792";"117,8333";"101159,6";"0,2205323";"179,9881";
"7/3/2002";"26,43229";"23,61563";"5,61";"1,66625";"1,007292";"121,4583";"101053,1";"0,2098254";"179,9831";
"8/3/2002";"27,57917";"23,64063";"7,448";"1,304";"2,452083";"84,73959";"101103,2";"0,1987998";"179,976";
"9/3/2002";"27,06562";"23,82813";"7,438";"1,278";"3,135417";"87,25";"101132,1";"0,1874353";"179,9661";
"10/3/2002";"26,99792";"24,36042";"6,484";"1,3645";"1,988542";"115,6667";"101125,7";"0,175709";"179,9523";
"11/3/2002";"28,09583";"23,93021";"6,549";"1,52975";"3,011458";"85";"101038";"0,163594";"179,9329";
"12/3/2002";"28,81771";"23,99688";"7,109";"1,3395";"3,50625";"83,64584";"101092";"0,1510575";"179,9059";
"13/3/2002";"28,28229";"23,71458";"7,509";"1,3635";"4,929167";"76,05209";"101084,9";"0,1380568";"179,8683";
"14/3/2002";"27,65417";"23,88437";"7,377";"1,312";"3,154167";"92,5";"101082";"0,124532";"179,8164";
"15/3/2002";"26,91562";"23,66354";"7,944";"1,2105";"2,725";"88,67709";"101088";"0,1103945";"179,7448";
"16/3/2002";"26,72187";"23,44583";"8,218";"1,092";"1,8375";"90,35416";"101136,6";"9,550878E-02";"179,6475";
"17/3/2002";"26,43438";"23,33646";"7,62";"1,3965";"2,16875";"134,7188";"101087,4";"7,967263E-02";"179,5183";
"18/3/2002";"26,73021";"23,39063";"6,351";"1,58075";"1,382292";"133,7083";"101125,8";"6,261325E-02";"179,3559";
"19/3/2002";"25,88542";"22,8";"6,363";"1,48375";"0,8989583";"162,0208";"101141,5";"4,404902E-02";"179,1717";
"20/3/2002";"26,87917";"23,17708";"7,229";"1,32475";"1,294792";"187,0938";"101046,8";"2,386447E-02";"178,9978";
"21/3/2002";"25,75208";"23,12708";"7,438";"1,42325";"1,748958";"181,8854";"100941,2";"2,325256E-03";"178,8802";
"22/3/2002";"27,03854";"22,82813";"7,922";"1,1635";"2,152083";"126,2188";"100924,2";"-1,985926E-02";"178,8601";
"23/3/2002";"27,43958";"23,79896";"7,444";"1,3495";"1,960417";"169,0521";"101101,5";"-4,167093E-02";"178,9563";
"24/3/2002";"27,14271";"22,91042";"8,573";"0,99675";"2,219792";"279,9688";"101108,6";"-6,205735E-02";"179,1494";
"25/3/2002";"27,075";"23,51458";"7,684";"1,31025";"2,371875";"196,5521";"101108,5";"-8,037801E-02";"179,3773";
"26/3/2002";"27,15104";"23,30521";"6,66";"1,362";"2,159375";"219,0938";"101140,5";"-9,669342E-02";"179,5759";
"27/3/2002";"26,89271";"23,64063";"7,047";"1,52525";"1,571875";"298,4479";"101072,6";"-0,1114817";"179,7209";
"28/3/2002";"26,57917";"23,22396";"6,191";"1,503";"1,079167";"167,8125";"101120,1";"-0,1252139";"179,8185";
"29/3/2002";"26,36563";"23,37604";"6,742";"1,462";"1,505208";"152,4583";"101117,8";"-0,1382075";"179,8823";
"30/3/2002";"27,16354";"23,81875";"6,482";"1,657";"2,628125";"142,6354";"101070";"-0,1506503";"179,9237";
"31/3/2002";"27,4";"23,95729";"6,777";"1,35525";"2,089583";"126,375";"101128,3";"-0,1626513";"179,9507";
"1/4/2002";"27,57187";"23,74375";"7,086";"1,5155";"3,090625";"147,5521";"101068,1";"-0,1742751";"179,9682";
"2/4/2002";"27,09375";"24,62083";"6,745";"1,62275";"3,692708";"142,9063";"101107,3";"-0,1855617";"179,9797";
"3/4/2002";"26,59063";"24,57813";"6,109";"1,4145";"3,7";"156,3854";"101103,2";"-0,1965376";"179,9872";
"4/4/2002";"26,85104";"24,39271";"6,65";"1,3215";"4,001042";"134,9583";"101028,1";"-0,2072217";"179,9921";
"5/4/2002";"26,54375";"24,43125";"6,302";"1,502";"2,617708";"167,7813";"101034,9";"-0,2176283";"179,9952";
"6/4/2002";"27,16979";"24,01354";"7,222";"1,2375";"3,722917";"138,6042";"101107,5";"-0,2277692";"179,9972";
"7/4/2002";"27,06875";"23,88125";"8,155";"1,12575";"2,61875";"129,1146";"101107,5";"-0,2376545";"179,9985";
"8/4/2002";"27,37188";"23,81562";"7,762";"1,0905";"2,498958";"129,7708";"100974,1";"-0,2472933";"179,9992";
"9/4/2002";"26,87188";"24,08021";"6,909";"1,2565";"3,009375";"176";"100947,5";"-0,256694";"179,9997";
"10/4/2002";"26,42708";"23,675";"5,38";"1,694";"4,361458";"165,0521";"100966";"-0,2658643";"180";
"11/4/2002";"26,45938";"23,94687";"5,685";"1,65725";"3,292708";"136,1667";"100726,7";"-0,2748116";"187,4819";
"12/4/2002";"27,30521";"23,87292";"6,437";"1,43975";"4,480208";"142,8021";"100647,5";"-0,283543";"187,4618";
"13/4/2002";"27,575";"24,11354";"7,516";"1,0545";"4,3125";"145,5417";"100661,6";"-0,2920649";"187,4439";
"14/4/2002";"27,47396";"24,19792";"6,979";"1,3045";"4,411458";"137,2292";"100904,3";"-0,3003837";"187,4279";
"15/4/2002";"26,83854";"24,54167";"6,388";"1,37875";"4,378125";"132,9792";"101072,8";"-0,3085053";"187,4137";
"16/4/2002";"26,78229";"24,53021";"6,56";"1,403";"4,788542";"136,6042";"101080,6";"-0,3164353";"187,401";
"17/4/2002";"27,13437";"24,34583";"5,154";"1,86225";"4,24375";"148,2083";"100918,7";"-0,3241791";"187,3896";
"18/4/2002";"27,48333";"24,26354";"6,131";"1,404";"4,366667";"136,2917";"100661,6";"-0,3317416";"187,3794";
"19/4/2002";"27,26563";"24,0875";"4,59";"1,66525";"5,007292";"143,7813";"100896,1";"-0,3391276";"187,3703";
"20/4/2002";"25,875";"24,15521";"5,132";"1,7695";"2,5625";"133,4375";"101106,5";"-0,3463415";"187,3622";
"21/4/2002";"25,89271";"24,17396";"6,102";"1,45875";"3,046875";"143,6979";"101106,3";"-0,3533874";"187,355";
"22/4/2002";"26,11354";"23,85729";"6,021";"1,40875";"2,773958";"123,2083";"100958,8";"-0,3602695";"187,3486";
"23/4/2002";"26,52813";"23,97812";"6,021";"1,38225";"3,384375";"127,3958";"100758,5";"-0,3669914";"187,3429";
"24/4/2002";"25,76979";"23,98438";"6,745";"1,32525";"3,060417";"111,0625";"100701,3";"-0,3735566";"187,3378";
"25/4/2002";"26,14583";"23,23854";"6,935";"1,291";"4,646875";"123,3958";"100775,3";"-0,3799684";"187,3335";
"26/4/2002";"26,52813";"23,60521";"6,354";"1,388";"5,754167";"128,3229";"100965,1";"-0,38623";"187,3296";
"27/4/2002";"26,47083";"23,475";"7,74";"0,955";"4,765625";"131,4271";"101076";"-0,3923444";"187,3263";
"28/4/2002";"26,40313";"23,27396";"6,595";"1,43575";"4,23125";"133,3333";"101042";"-0,3983143";"187,3235";
"29/4/2002";"26,25521";"23,68438";"6,076";"1,55575";"4,604167";"137,5521";"100891,9";"-0,4041424";"187,3212";
"30/4/2002";"26,48333";"23,61042";"6,415";"1,4365";"4,927083";"138,3542";"100819,1";"-0,4098312";"187,3193";
"1/5/2002";"26,36667";"23,14583";"6,067";"1,42425";"5,040625";"140,9583";"101109,3";"-0,4153831";"187,3178";
"2/5/2002";"26,93542";"23,93438";"6,246";"1,4555";"3,0625";"120,1042";"101107,4";"-0,4208003";"187,3167";
"3/5/2002";"27,08958";"23,80417";"6,718";"1,33525";"4,244792";"123,3125";"101107,4";"-0,4260851";"187,316";
"4/5/2002";"26,84687";"23,63854";"5,552";"1,62575";"4,632292";"136,3646";"101107";"-0,4312394";"187,3156";
"5/5/2002";"27,05417";"24,04479";"3,891";"1,97475";"5,136458";"155,4063";"101107";"-0,4362651";"187,3154";
"6/5/2002";"26,99271";"24";"5,843";"1,5275";"4,860417";"151,1979";"101107,5";"-0,4411642";"187,3157";
"7/5/2002";"26,475";"23,74375";"5,803";"1,31";"6,010417";"158,5313";"101107,2";"-0,4459384";"187,3161";
"8/5/2002";"26,77917";"24,03958";"5,531";"1,579";"6,0875";"158,9063";"101107,4";"-0,4505894";"187,3169";
"9/5/2002";"26,70521";"23,49063";"5,731";"1,437";"5,135417";"157,7083";"101107,5";"-0,4551187";"187,3179";
"10/5/2002";"26,12188";"22,99479";"4,742";"1,829";"4,979167";"158,8438";"101107";"-0,4595279";"187,3192";
"11/5/2002";"26,01979";"23,61354";"5,518";"1,73525";"3,702083";"188,9167";"101106,9";"-0,4638184";"187,3207";
"12/5/2002";"26,63854";"23,08854";"6,218";"1,54625";"4,3875";"169,2292";"101107,2";"-0,4679917";"187,3225";
"13/5/2002";"26,12083";"23,22187";"6,506";"1,3705";"4,719792";"165,6771";"101106,6";"-0,472049";"187,3244";
"14/5/2002";"26,24896";"23,05208";"3,438";"1,97075";"6,580208";"161,9167";"101106,7";"-0,4759916";"187,3266";
"15/5/2002";"26,19062";"22,58125";"5,686";"1,65475";"9,088542";"158,2396";"101106,8";"-0,4798208";"187,3289";
"16/5/2002";"25,8";"22,21979";"4,436";"1,9115";"7,01875";"157,2083";"101106,3";"-0,4835377";"187,3314";
"17/5/2002";"25,92917";"21,99792";"4,793";"1,9545";"5,253125";"154,8229";"101106,4";"-0,4871433";"187,3341";
"18/5/2002";"25,60208";"21,88125";"6,488";"1,37925";"5,139583";"145,8646";"101106,5";"-0,4906388";"187,337";
"19/5/2002";"25,65833";"21,39375";"5,96";"1,59325";"4,294792";"138,5833";"101106,5";"-0,4940252";"187,3401";
"20/5/2002";"25,15104";"21,30208";"6,395";"1,41425";"4,617708";"140,9479";"101106,3";"-0,4973034";"187,3433";
"21/5/2002";"25,575";"21,86354";"6,751";"1,26625";"6,5125";"156,1354";"101106,5";"-0,5004744";"187,3466";
"22/5/2002";"25,0125";"21,34583";"5,714";"1,56925";"6,292708";"156,7917";"101106,2";"-0,503539";"187,3501";
"23/5/2002";"25,28542";"20,78125";"5,522";"1,68175";"6,140625";"151,0729";"101106,4";"-0,5064982";"187,3537";
"24/5/2002";"25,27708";"20,96354";"6,251";"1,247";"6,672917";"149,0104";"101106,3";"-0,5093526";"187,3575";
"25/5/2002";"25,29167";"21,40417";"5,609";"1,5915";"5,646875";"145,0521";"101106,2";"-0,5121031";"187,3614";
"26/5/2002";"24,57396";"21,1";"5,467";"1,5705";"5,558333";"154,5625";"101106,9";"-0,5147504";"187,3654";
"27/5/2002";"25,44687";"21,58646";"6,046";"1,52625";"5,492708";"149,1979";"101106,9";"-0,5172952";"187,3695";
"28/5/2002";"25,31771";"21,48958";"6,064";"1,468";"5,754167";"143,8021";"101106,2";"-0,5197382";"187,3737";
"29/5/2002";"25,27396";"21,64375";"6,734";"1,2115";"4,15";"141,6563";"101040,2";"-0,5220801";"187,378";
"30/5/2002";"25,46875";"21,83438";"5,527";"1,665";"6,266667";"159,6563";"101119,5";"-0,5243213";"187,3825";
"31/5/2002";"25,59375";"22,06979";"4,425";"1,8395";"4,29375";"183,1458";"101103";"-0,5264626";"187,387";
"1/6/2002";"24,76667";"21,22708";"2,974";"2,29525";"6,280208";"157,4896";"101088,3";"-0,5285044";"187,3916";
"2/6/2002";"24,29479";"20,35312";"5,756";"1,56";"6,495833";"157,5417";"101105,6";"-0,5304474";"187,3963";
"3/6/2002";"23,89375";"20,07292";"6,531";"1,30325";"7,041667";"155,6563";"101104,3";"-0,5322919";"187,401";
"4/6/2002";"24,52917";"20,04896";"5,94";"1,62025";"5,732292";"157,75";"101094,7";"-0,5340386";"187,4059";
"5/6/2002";"24,30625";"20,35729";"5,234";"1,62475";"5,495833";"171,875";"101106,3";"-0,5356877";"187,4108";
"6/6/2002";"24,06458";"21,03437";"5,331";"1,5465";"5,295833";"187,7604";"101105,3";"-0,5372398";"187,4158";
"7/6/2002";"24,30417";"20,82187";"6,318";"1,30175";"5,680208";"188,7813";"101106,1";"-0,5386952";"187,4208";
"8/6/2002";"24,2875";"20,80729";"5,001";"1,57675";"4,914583";"156,7292";"101093,7";"-0,5400543";"187,4259";
"9/6/2002";"24,32813";"20,21979";"6,784";"1,20675";"4,963542";"147,1771";"101111,3";"-0,5413175";"187,431";
"10/6/2002";"23,61146";"21,27917";"5,241";"1,51525";"6,658333";"150,4479";"101106,9";"-0,5424851";"187,4362";
"11/6/2002";"24,23229";"20,91771";"5,683";"1,391";"6,725";"157,3854";"101017";"-0,5435574";"187,4415";
"12/6/2002";"24,05313";"20,33333";"5,324";"1,564";"7,054167";"171,3646";"100994,8";"-0,5445346";"187,4467";
"13/6/2002";"24,09167";"20";"5,406";"1,5655";"5,610417";"183,9583";"101107,3";"-0,5454171";"187,452";
"14/6/2002";"24,20104";"19,91875";"4,704";"1,98275";"4,344792";"197,6875";"101137,5";"-0,5462051";"187,4574";
"15/6/2002";"24,53333";"19,92083";"5,549";"1,6435";"4,651042";"157,5";"101112,7";"-0,5468987";"187,4627";
"16/6/2002";"24,59687";"20,47396";"6,177";"1,41025";"4,411458";"158,2917";"101113,9";"-0,5474983";"187,4681";
"17/6/2002";"25,17083";"20,77083";"5,222";"1,63475";"4,351042";"142,5938";"101098,1";"-0,5480039";"187,4735";
"18/6/2002";"24,31458";"21,53437";"4,039";"1,71875";"5,027083";"154,125";"101098,3";"-0,5484158";"187,4789";
"19/6/2002";"24,61667";"20,80833";"5,889";"1,36375";"7,089583";"157,8646";"101106,3";"-0,548734";"187,4843";
"20/6/2002";"24,37188";"20,44792";"4,755";"1,7575";"6,297917";"152,8854";"101106,5";"-0,5489587";"187,4898";
"21/6/2002";"24,28333";"20,8375";"5,327";"1,487";"6,296875";"160,5417";"101105,1";"-0,54909";"187,4952";
"22/6/2002";"24,13437";"20,60521";"5,493";"1,453";"6,161458";"153,7917";"101105";"-0,5491279";"180";
"23/6/2002";"23,74792";"20,77292";"5,708";"1,5095";"5,108333";"148,1458";"101104,7";"-0,5490726";"180";
"24/6/2002";"24,19479";"20,97917";"5,176";"1,5985";"6,033333";"164,5104";"101105,3";"-0,5489239";"180";
"25/6/2002";"24,02396";"20,82396";"3,817";"1,9375";"6,408333";"163,2813";"101105,7";"-0,548682";"180";
"26/6/2002";"23,77813";"20,23854";"5,221";"1,64525";"5,694792";"160,2708";"101105,5";"-0,5483469";"180";
"27/6/2002";"23,38229";"19,76563";"3,423";"2,176";"4,165625";"156,1458";"101104,6";"-0,5479184";"180";
"28/6/2002";"24,17813";"20,76354";"6,001";"1,4795";"6,254167";"155,1667";"101105,8";"-0,5473966";"180";
"29/6/2002";"23,70208";"21,13437";"5,464";"1,46925";"6,620833";"163,0521";"101105,7";"-0,5467814";"180";
"30/6/2002";"23,44792";"20,61458";"5,846";"1,3895";"5,132292";"161,6875";"101105,1";"-0,5460727";"180";
"1/7/2002";"24,87083";"21,68021";"4,876";"1,74875";"6,530208";"164,7604";"101105,7";"-0,5452703";"180";
"2/7/2002";"24,69062";"21,47708";"4,77";"1,77475";"5,914583";"166,3646";"101105,8";"-0,5443742";"180";
"3/7/2002";"24,925";"21,43229";"3,683";"1,85275";"5,247917";"170,3125";"101105,8";"-0,5433842";"180";
"4/7/2002";"24,59479";"21,20313";"4,205";"1,794";"4,698958";"185,0313";"101105,7";"-0,5423001";"180";
"5/7/2002";"24,24688";"20,43542";"5,374";"1,67575";"5,647917";"159,8646";"101105,3";"-0,5411217";"180";
"6/7/2002";"23,97083";"20,54062";"4,301";"1,9435";"6,442708";"146,0833";"101104,8";"-0,5398487";"180";
"7/7/2002";"24,17917";"19,95417";"5,229";"1,7505";"5,348958";"135,7917";"101105";"-0,5384809";"180";
"8/7/2002";"24,225";"20,53021";"4,934";"1,75375";"5,760417";"154,9479";"101105,2";"-0,5370182";"180";
"9/7/2002";"23,71979";"21,22396";"4,944";"1,76825";"6,697917";"154,7188";"101105";"-0,53546";"180";
"10/7/2002";"23,85729";"20,66875";"5,447";"1,63175";"6,922917";"150,9167";"101105,3";"-0,5338062";"180";
"11/7/2002";"23,425";"19,87708";"5,903";"1,48425";"5,06875";"146,2813";"101104,9";"-0,5320563";"180";
"12/7/2002";"23,62188";"19,07083";"6,863";"1,27675";"5,554167";"145,6771";"101104,8";"-0,5302101";"180";
"13/7/2002";"22,98958";"19,38958";"3,816";"2,2245";"4,779167";"142,1771";"101104,3";"-0,5282671";"180";
"14/7/2002";"22,5125";"20,77292";"2,962";"2,254";"4,251042";"138,9063";"101103,9";"-0,5262268";"180";
"15/7/2002";"23,32708";"19,88333";"7,09";"1,275";"4,429167";"143,6354";"101104,6";"-0,5240888";"180";
"16/7/2002";"22,80104";"19,6875";"5,622";"1,77425";"5,594792";"150,9271";"101104,4";"-0,5218527";"180";
"17/7/2002";"22,61979";"19,70208";"3,371";"2,203";"5,75625";"151,0313";"101104,3";"-0,5195178";"180";
"18/7/2002";"21,98125";"20,35901";"3,746";"2,0285";"5,066667";"166,8229";"101103,7";"-0,5170837";"180";
"19/7/2002";"22,65625";"20,16875";"3,449";"2,2835";"4,559375";"166,3021";"101104,1";"-0,5145498";"180";
"20/7/2002";"22,58125";"20,54167";"5,093";"1,80525";"6,4";"166,1354";"101104,1";"-0,5119155";"180";
"21/7/2002";"23,2";"20,45521";"5,834";"1,54725";"5,055208";"175,1563";"101104,6";"-0,5091801";"180";
"22/7/2002";"22,45729";"19,68958";"4,982";"1,9335";"4,1875";"160,7708";"101104,1";"-0,5063429";"180";
"23/7/2002";"22,54792";"20,36683";"4,013";"2,1565";"5,077083";"149,8646";"101104,2";"-0,5034033";"180";
"24/7/2002";"22,16979";"20,53229";"5,76";"1,479";"5,34375";"150,2708";"101103,8";"-0,5003605";"180";
"25/7/2002";"21,79375";"20,30312";"5,948";"1,6265";"6,842708";"155,0104";"101103,6";"-0,4972136";"180";
"26/7/2002";"21,9625";"19,68542";"5,153";"1,902";"6,330208";"161,6667";"101103,7";"-0,493962";"180";
"27/7/2002";"22,00729";"19,04479";"4,776";"2,01525";"5,704167";"159,375";"101103,6";"-0,4906046";"180";
"28/7/2002";"21,77292";"18,95521";"4,884";"1,94125";"4,440625";"152,7604";"101103,5";"-0,4871406";"180";
"29/7/2002";"22,32292";"19,30833";"2,595";"2,569";"4,4875";"160,6354";"101103,9";"-0,483569";"180";
"30/7/2002";"22,37396";"18,33229";"6,661";"1,4925";"5,394792";"155,375";"101104";"-0,4798889";"180";
"31/7/2002";"21,89063";"18,02396";"3,174";"2,37375";"4,976042";"148,8646";"101103,7";"-0,4760991";"180";
"1/8/2002";"23,28854";"19,91562";"4,765";"1,9315";"5,583333";"148,8229";"101098,8";"-0,4721986";"180";
"2/8/2002";"22,45";"19,60938";"2,949";"2,49025";"6,201042";"153,7917";"101105,3";"-0,4681862";"180";
"3/8/2002";"22,775";"18,42708";"4,324";"2,03575";"6,269792";"147,1979";"101109,3";"-0,4640607";"180";
"4/8/2002";"22,56146";"19,04271";"4,277";"2,16475";"5,776042";"154,4479";"101125,8";"-0,4598208";"180";
"5/8/2002";"22,70417";"19,39583";"4,056";"2,2185";"6,461458";"154,5104";"101112,9";"-0,4554653";"180";
"6/8/2002";"22,50521";"18,34271";"4,944";"1,7095";"5,295833";"164,4896";"101121,5";"-0,4509926";"180";
"7/8/2002";"22,91354";"18,44896";"4,416";"2,1735";"5,629167";"170,3125";"101107";"-0,4464014";"180";
"8/8/2002";"22,60729";"19,16771";"5,098";"1,901";"4,721875";"162,1458";"101129,8";"-0,4416901";"180";
"9/8/2002";"22,84583";"19,41875";"5,992";"1,6145";"3,997917";"165,1354";"101134,9";"-0,4368572";"180";
"10/8/2002";"23,07187";"19,76458";"5,901";"1,55225";"5,61875";"169,6667";"101129,4";"-0,4319008";"180";
"11/8/2002";"22,77083";"19,13229";"4,384";"2,247";"5,16875";"162,25";"101124,1";"-0,4268193";"180";
"12/8/2002";"22,51875";"19,11042";"5,465";"1,912";"5,246875";"173,3958";"101093,3";"-0,4216108";"180";
"13/8/2002";"22,31771";"19,50312";"5,978";"1,70125";"4,557292";"176,1667";"101122,1";"-0,4162733";"180";
"14/8/2002";"22,72083";"19,08958";"4,466";"1,9915";"4,692708";"171,2604";"101119,2";"-0,4108048";"180";
"15/8/2002";"23,53125";"18,52708";"5,876";"1,77725";"4,466667";"156,6563";"101134";"-0,4052031";"180";
"16/8/2002";"22,87396";"18,62812";"3,748";"2,37225";"6,165625";"146,3229";"101136,1";"-0,3994659";"180";
"17/8/2002";"22,47187";"19,50521";"3,286";"2,5735";"5,798958";"153,5";"101128,3";"-0,3935909";"180";
"18/8/2002";"22,79688";"18,53437";"3,765";"2,38";"5,732292";"161,5208";"101101,3";"-0,3875755";"180";
"19/8/2002";"22,24167";"17,70521";"3,779";"2,398";"6,247917";"154,3854";"101132,6";"-0,3814169";"180";
"20/8/2002";"22,14688";"17,3125";"3,995";"2,4775";"6,260417";"158,0313";"101094,5";"-0,3751125";"180";
"21/8/2002";"21,725";"18,26042";"4,26";"2,23675";"7,1625";"159,5833";"101165,4";"-0,3686592";"180";
"22/8/2002";"21,73854";"17,65521";"5,909";"1,71425";"6,976042";"159,9583";"101145,2";"-0,3620538";"180";
"23/8/2002";"21,75729";"17,68854";"4,777";"1,997";"6,152083";"160,9583";"101128";"-0,355293";"180";
"24/8/2002";"21,16979";"17,17396";"5,67";"1,879";"6,884375";"168,1354";"101129,2";"-0,3483733";"180";
"25/8/2002";"20,07187";"17,24688";"3,582";"2,47825";"6,057292";"166,5";"101106";"-0,3412908";"180";
"26/8/2002";"19,96354";"17,52708";"5,477";"1,73975";"4,871875";"154,5";"101106";"-0,3340417";"180";
"27/8/2002";"20,06979";"17,71146";"4,593";"2,04775";"4,522917";"158,9167";"101106";"-0,3266216";"180";
"28/8/2002";"20,475";"18,19792";"3,374";"2,29225";"6,7125";"169,8021";"101106";"-0,319026";"187,4957";
"29/8/2002";"20,84063";"17,26875";"4,14";"2,31375";"5,667708";"164,9479";"101106";"-0,3112502";"187,4757";
"30/8/2002";"21,44062";"17,0125";"5,496";"1,8055";"4,83125";"156,3438";"101106";"-0,3032889";"187,4535";
"31/8/2002";"21,97187";"18,38437";"1,778";"2,48875";"6,796875";"178,1771";"101106";"-0,2951367";"187,4289";
"1/9/2002";"22,30938";"19,42708";"3,23";"2,5145";"8,195833";"170,3542";"101106";"-0,2867878";"187,4017";
"2/9/2002";"22,58229";"19,45729";"1,984";"2,8305";"7,097917";"178,5938";"101106";"-0,2782358";"187,3713";
"3/9/2002";"22,31667";"19,19896";"3,059";"2,419";"7,026042";"173,3542";"101106";"-0,2694738";"187,3374";
"4/9/2002";"22,08125";"18,44271";"4,217";"2,20575";"7,020833";"161,0417";"101106";"-0,2604942";"187,2996";
"5/9/2002";"21,925";"18,48958";"2,292";"2,8485";"6,844792";"154,7917";"101106";"-0,2512889";"187,257";
"6/9/2002";"21,55104";"18,83958";"2,505";"2,803";"7,222917";"158,375";"101106";"-0,2418484";"187,2091";
"7/9/2002";"21,13542";"18,28229";"1,645";"2,81625";"6,645833";"158,5104";"101106";"-0,2321622";"187,1548";
"8/9/2002";"20,88854";"17,66354";"4,243";"2,21725";"5,553125";"162,6771";"101106";"-0,2222178";"187,0932";
"9/9/2002";"21,23958";"18,2125";"4,68";"2,182";"6,665625";"160,6354";"101147,1";"-0,2120003";"187,0228";
"10/9/2002";"22,11354";"18,49583";"4,728";"2,19475";"7,147917";"156,875";"101135,4";"-0,2014911";"186,9419";
"11/9/2002";"21,23333";"18,66562";"4,238";"2,211";"6,152083";"161,8229";"101103,2";"-0,1906666";"186,8486";
"12/9/2002";"21,70938";"18,28021";"3,535";"2,52375";"4,354167";"151,5625";"101160,1";"-0,1794959";"186,7401";
"13/9/2002";"20,71979";"18,27188";"5,67";"1,854";"3,061458";"150,3021";"101148,2";"-0,1679369";"186,6131";
"14/9/2002";"21,74063";"18,77292";"2,709";"2,77325";"4,928125";"173,9688";"101124,5";"-0,1559323";"186,4635";
"15/9/2002";"21,77396";"19,23646";"5,431";"1,61425";"5,621875";"169,1042";"101137,7";"-0,1434021";"186,2863";
"16/9/2002";"21,49479";"18,45417";"5,183";"2,04525";"5,385417";"173,5313";"101100,9";"-0,1302365";"186,0755";
"17/9/2002";"21,60312";"18,09896";"5,62";"1,848";"5,090625";"166,5521";"101139,5";"-0,1162901";"185,8252";
"18/9/2002";"21,68333";"18,23542";"6,01";"1,702";"5,15625";"155,8958";"101102,3";"-0,1013875";"185,5313";
"19/9/2002";"21,86979";"18,20313";"5,465";"1,82375";"5,565625";"165,6146";"101129,6";"-8,535648E-02";"185,1942";
"20/9/2002";"21,44583";"17,54375";"5,875";"1,705";"4,777083";"168,875";"101147,2";"-6,810082E-02";"184,822";
"21/9/2002";"21,74167";"17,2625";"5,413";"2,14675";"4,247917";"150,1354";"101112,9";"-4,969301E-02";"184,4297";
"22/9/2002";"22,33958";"18,69896";"4,648";"2,1145";"4,979167";"147,3333";"101133,6";"-3,041875E-02";"184,034";
"23/9/2002";"21,99896";"19,20104";"3,452";"2,3385";"6,844792";"164,5";"101147";"-1,072425E-02";"183,6479";
"24/9/2002";"21,79167";"18,65104";"2,303";"2,66475";"6,753125";"170,1354";"101077,8";"8,902791E-03";"183,2809";
"25/9/2002";"21,80417";"18,93125";"5,327";"2,1355";"6,205208";"169,4479";"101077,3";"2,804875E-02";"182,9402";
"26/9/2002";"21,94583";"18,8";"3,175";"2,67625";"5,15";"162,4167";"101136,6";"4,644123E-02";"182,6327";
"27/9/2002";"21,59792";"17,95625";"4,56";"2,27875";"4,5125";"157,9271";"101143,1";"6,395667E-02";"182,3628";
"28/9/2002";"21,76354";"17,9375";"3,425";"2,2765";"5,317708";"165,6458";"101136,9";"8,058362E-02";"182,1321";
"29/9/2002";"21,95521";"18,39375";"2,299";"2,4575";"5,898958";"167,6458";"101102,4";"9,637224E-02";"181,9385";
"30/9/2002";"21,6125";"18,28229";"5,285";"2,2065";"5,25";"176,0729";"101108,9";"0,1113947";"181,778";
"1/10/2002";"22,0625";"18,22812";"5,156";"1,79675";"5,166667";"171,5313";"101112,2";"0,1257241";"181,6456";
"2/10/2002";"21,72396";"17,81146";"5,292";"2,107";"5,358333";"171,7813";"101144,5";"0,1394261";"181,5362";
"3/10/2002";"22,15833";"18,32917";"5,089";"2,26875";"5,928125";"168,3021";"101139,9";"0,1525586";"181,4453";
"4/10/2002";"22,10729";"18,47604";"3,901";"2,6145";"5,682292";"158,5833";"101128,5";"0,1651721";"181,3691";
"5/10/2002";"21,85625";"18,03333";"3,442";"2,75425";"4,9875";"160,9896";"101130,2";"0,1773116";"181,3045";
"6/10/2002";"21,08646";"18,23438";"2,642";"2,87325";"5,102083";"160,1146";"101136,5";"0,1890172";"181,2489";
"7/10/2002";"22,225";"17,64583";"1,915";"2,84475";"4,378125";"170,9063";"101135,4";"0,2003245";"181,2006";
"8/10/2002";"21,68542";"18,6625";"3,517";"2,42225";"5,815625";"172,7917";"101126,6";"0,2112651";"181,1579";
"9/10/2002";"21,67188";"17,26771";"3,489";"2,7305";"6,148958";"178,3021";"101146,5";"0,2218668";"181,1198";
"10/10/2002";"21,73542";"16,83333";"3,857";"2,3995";"6,861458";"173,3854";"101153,4";"0,2321542";"181,0855";
"11/10/2002";"22,14271";"16,80104";"4,226";"2,5975";"6,346875";"165,375";"101104";"0,2421484";"181,0541";
"12/10/2002";"21,5625";"16,25625";"3,603";"2,767";"5,486458";"148,9688";"101103,7";"0,2518678";"181,0253";
"13/10/2002";"21,63021";"15,99063";"4,747";"2,39625";"5,572917";"158,4583";"101103,9";"0,2613286";"180,9986";
"14/10/2002";"21,15937";"17,10938";"6,162";"1,84075";"5,847917";"169,4167";"101107,4";"0,2705446";"180,9738";
"15/10/2002";"20,99479";"16,86042";"6,947";"1,7295";"6,676042";"162,3646";"101097,2";"0,279528";"180,9504";
"16/10/2002";"20,65104";"15,39896";"4,52";"2,499";"4,505208";"158,5";"101103";"0,2882892";"180,9284";
"17/10/2002";"20,71042";"15,39896";"6,296";"2,222";"5,144792";"152,4688";"101158,3";"0,2968377";"180,9076";
"18/10/2002";"21,54688";"16,53437";"5,115";"2,41925";"5,739583";"151,0729";"101108,3";"0,3051817";"180,8877";
"19/10/2002";"21,99271";"16,97396";"4,771";"2,5335";"5,34375";"138,7917";"101149,3";"0,3133284";"180,8688";
"20/10/2002";"21,84583";"16,62413";"2,909";"3,0105";"3,865625";"139,4479";"101103,8";"0,3212844";"180,8507";
"21/10/2002";"22,23958";"16,4496";"4,415";"2,56375";"3,119792";"152,4583";"101179,5";"0,3290556";"180,8333";
"22/10/2002";"22,46563";"16,47396";"3,002";"3,121";"4,338542";"148,4375";"101130,7";"0,3366472";"180,8165";
"23/10/2002";"22,57708";"16,6474";"2,255";"3,16325";"4,735417";"141,4271";"101127,5";"0,3440642";"180,8003";
"24/10/2002";"23,23542";"17,45625";"3,26";"2,942";"3,838542";"140,8021";"101115,8";"0,351311";"180,7847";
"25/10/2002";"22,58646";"17,48557";"2,661";"2,88175";"4,573958";"152,1042";"101105,7";"0,3583916";"180,7694";
"26/10/2002";"23,40625";"17,81875";"5,147";"2,355";"4,603125";"168,5521";"101125,5";"0,3653099";"180,7546";
"27/10/2002";"23,39688";"17,26458";"7,012";"1,57975";"5,310417";"178,4792";"101078";"0,3720692";"180,7401";
"28/10/2002";"23,63333";"18,11042";"7,123";"1,58575";"4,814583";"173,3125";"101088,6";"0,3786728";"180,726";
"29/10/2002";"23,85417";"18,74063";"3,635";"1,85075";"5,490625";"170,625";"101153,7";"0,3851238";"180,7122";
"30/10/2002";"23,43021";"19,16354";"6,047";"1,833";"5,782292";"168,3125";"101115,5";"0,391425";"180,6986";
"31/10/2002";"22,92917";"18,69271";"6,648";"1,6105";"4,85625";"156,9271";"101131";"0,397579";"180,6853";
"1/11/2002";"22,4";"17,31146";"3,678";"2,71125";"7,25";"166,3229";"101124,8";"0,4035882";"180,6722";
"2/11/2002";"22,42292";"17,65208";"3,209";"2,80075";"6,575";"156,3333";"101110,5";"0,4094552";"180,6593";
"3/11/2002";"22,45313";"16,79062";"3,444";"2,80475";"6,091667";"151,9063";"101104";"0,4151819";"180,6465";
"4/11/2002";"22,49479";"16,59063";"4,167";"2,61875";"6,086458";"139,5313";"101104";"0,4207706";"180,634";
"5/11/2002";"21,94479";"17,79896";"3,227";"2,72725";"4,945833";"143,1458";"101103,7";"0,4262232";"180,6215";
"6/11/2002";"22,68438";"17,29271";"4,267";"2,68625";"6,397917";"162,9167";"101104,3";"0,4315414";"180,6092";
"7/11/2002";"22,61875";"17,43125";"8,629";"0,9755";"5,302083";"169,3854";"101076,6";"0,4367272";"180,597";
"8/11/2002";"22,55729";"17,96979";"7,312";"1,5";"5,517708";"163,1354";"101076,6";"0,4417822";"180,5849";
"9/11/2002";"22,44583";"19,08229";"5,649";"1,93375";"5,697917";"161,4792";"101116,2";"0,4467079";"180,573";
"10/11/2002";"22,50937";"19,99063";"1,958";"2,69775";"5,234375";"165,7604";"101084,8";"0,4515058";"180,561";
"11/11/2002";"22,66979";"20,27604";"4,605";"1,92075";"4,751042";"170,2396";"101116,1";"0,4561774";"180,5492";
"12/11/2002";"22,50104";"19,86979";"2,736";"2,65325";"5,342708";"174,0104";"101129";"0,460724";"180,5374";
"13/11/2002";"22,56875";"19,64375";"3,91";"2,4205";"5,919792";"172,8958";"101104,5";"0,4651469";"180,5257";
"14/11/2002";"23,01563";"19,99479";"5,728";"1,88325";"6,484375";"173,2188";"101099,8";"0,4694474";"180,514";
"15/11/2002";"22,68958";"19,55104";"7,085";"1,3105";"5,772917";"168,2188";"101111,5";"0,4736265";"180,5024";
"16/11/2002";"22,74479";"18,71771";"5,471";"2,057";"7,673958";"163,9896";"101114,1";"0,4776855";"180,4908";
"17/11/2002";"22,32187";"17,64167";"2,899";"2,901";"7,115625";"162,8333";"101104,2";"0,4816253";"180,4792";
"18/11/2002";"22,52708";"18,91562";"5,643";"2,055";"6,553125";"159,3854";"101088,5";"0,4854469";"180,4677";
"19/11/2002";"22,27188";"18,47812";"7,247";"1,384";"5,891667";"156";"101105,1";"0,4891514";"180,4562";
"20/11/2002";"21,72812";"17,96771";"4,537";"2,519";"6,441667";"146,5417";"101101,1";"0,4927396";"180,4447";
"21/11/2002";"21,95938";"17,48229";"5,662";"2,087";"5,519792";"152,4688";"101103,9";"0,4962123";"180,4333";
"22/11/2002";"21,80104";"18,12812";"6,607";"1,8235";"6";"142,9688";"101102,1";"0,4995704";"180,4218";
"23/11/2002";"22,09687";"18,49271";"1,967";"2,85825";"6,059375";"149,3333";"101098,6";"0,5028148";"180,4104";
"24/11/2002";"22,37188";"19,34479";"7,109";"1,45025";"5,4375";"149,0521";"101095,2";"0,505946";"180,399";
"25/11/2002";"22,72917";"18,84167";"8,914";"1,0135";"6,390625";"150,9167";"101114,3";"0,5089648";"180,3875";
"26/11/2002";"22,55625";"18,09167";"6,174";"1,9935";"6,465625";"163,1979";"101115,2";"0,5118719";"180,3761";
"27/11/2002";"22,89167";"18,03542";"5,582";"2,085";"6,363542";"161,0625";"101100,4";"0,5146679";"180,3647";
"28/11/2002";"23,01771";"18,14375";"4,082";"2,5505";"6,047917";"161,6875";"101104,3";"0,5173535";"180,3533";
"29/11/2002";"22,83958";"18,40521";"7,827";"1,233";"5,667708";"157,5729";"101112,8";"0,5199291";"180,3419";
"30/11/2002";"22,79792";"18,64375";"5,859";"1,97625";"5,716667";"158,6875";"101097,6";"0,5223952";"180,3306";
"1/12/2002";"23,18229";"20,425";"6,882";"1,48025";"5,45";"155,2188";"101103,6";"0,5247524";"180,3192";
"2/12/2002";"23,48125";"20,61875";"4,578";"2,028";"5,64375";"166,5729";"101103,2";"0,5270013";"180,3078";
"3/12/2002";"23,44896";"20,76458";"4,035";"1,9895";"5,527083";"157,4688";"101114,9";"0,5291421";"180,2964";
"4/12/2002";"23,31562";"20,90208";"6,641";"1,4665";"6,346875";"165,7708";"101116,7";"0,5311753";"180,285";
"5/12/2002";"23,37917";"19,62396";"6,891";"1,3585";"6,019792";"171,7917";"101104,8";"0,5331013";"180,2737";
"6/12/2002";"23,36979";"18,80521";"6,103";"1,81025";"5,635417";"167,5625";"101104,8";"0,5349205";"180,2623";
"7/12/2002";"23,49792";"18,66146";"6,754";"1,62725";"5,454167";"157,3438";"101105";"0,5366331";"180,2509";
"8/12/2002";"23,61667";"20,24167";"6,397";"1,82825";"5,490625";"153,8125";"101109,3";"0,5382395";"180,2395";
"9/12/2002";"23,61146";"20,62396";"5,915";"1,75625";"5,263542";"153,2083";"101110,3";"0,53974";"180,2282";
"10/12/2002";"23,33646";"21,02083";"5,365";"1,79175";"5,561458";"155,1875";"101112,5";"0,5411347";"180,2168";
"11/12/2002";"23,42396";"20,51563";"4,351";"1,9655";"6,641667";"150,0417";"101105";"0,542424";"180,2054";
"12/12/2002";"23,68438";"21,41667";"6,945";"1,484";"7,317708";"151,8854";"101105,2";"0,5436081";"180,1941";
"13/12/2002";"23,64375";"20,83958";"6,71";"1,42675";"6,128125";"158,5625";"101109,4";"0,5446871";"180,1827";
"14/12/2002";"23,37083";"20,66771";"6,261";"1,5415";"4,7625";"159,4375";"101112,7";"0,5456612";"180,1713";
"15/12/2002";"23,07187";"20,59063";"6,486";"1,577";"4,491667";"161,7396";"101112,1";"0,5465304";"180,16";
"16/12/2002";"22,6875";"20,22708";"5,327";"1,96075";"3,541667";"154,7083";"101106,3";"0,547295";"180,1486";
"17/12/2002";"23,225";"20,53542";"6,438";"1,617";"4,5875";"163,7188";"101113,6";"0,547955";"180,1373";
"18/12/2002";"23,34375";"20,79583";"6,57";"1,41975";"4,691667";"161,625";"101104,9";"0,5485106";"180,1259";
"19/12/2002";"23,49688";"20,97812";"4,321";"2,13075";"4,196875";"171,125";"101105";"0,5489616";"180,1146";
"20/12/2002";"23,33438";"21,13021";"4,571";"1,98575";"3,652083";"163,8125";"101104,7";"0,5493082";"180,1033";
"21/12/2002";"23,95521";"21,48021";"1,4";"2,51";"4,46875";"154,9583";"101105,2";"0,5495504";"180,092";
"22/12/2002";"23,91354";"21,67292";"6,158";"1,58825";"4,630208";"158,8333";"101105,2";"0,5496881";"180,0807";
"23/12/2002";"24,45313";"21,48958";"5,509";"1,839";"4,786458";"154,0938";"101105,5";"0,5497214";"180,0694";
"24/12/2002";"23,92292";"21,39688";"2,186";"2,3655";"5,101042";"145,0417";"101105,1";"0,54965";"180,0581";
"25/12/2002";"24,06042";"21,27708";"5,251";"1,81775";"5,511458";"157,9479";"101105,2";"0,5494741";"180,0468";
"26/12/2002";"24,32292";"21,21354";"6,643";"1,4965";"5,667708";"154,0833";"101105,4";"0,5491933";"180,0356";
"27/12/2002";"24,35729";"21,52083";"6,207";"1,5575";"3,822917";"160,1354";"101105,6";"0,5488077";"180,0243";
"28/12/2002";"24,16875";"20,83542";"5,284";"1,97575";"4,151042";"161,3021";"101105,5";"0,5483171";"180,0131";
"29/12/2002";"24,20729";"21,36458";"3,73";"2,23525";"4,778125";"153,9271";"101105,1";"0,5477214";"180,0018";
"30/12/2002";"24,70729";"21,73854";"5,735";"1,807";"5,475";"152,5521";"101105,7";"0,5470203";"180";
"31/12/2002";"24,87292";"22,18333";"8,047";"1,16075";"4,958333";"153,2917";"101106,1";"0,5462136";"180";

